{
	"header-picture": "/assets/img/pup.jpg",
	"header-title": "Welcome to PBBDTM",
	"header-description": "PUP Bansud Branch Document Tracking and Monitoring",
	"description-card-1-title": "Beautiful Gallery",
	"description-card-1-description": "Spend your time generating new ideas. You don't have to think of implementing.",
	"description-card-2-title": "New Ideas",
	"description-card-2-description": "Larger, yet dramatically thinner. More powerful, but remarkably power efficient.",
	"description-card-3-title": "Statistics",
	"description-card-3-description": "Choose from a veriety of many colors resembling sugar paper pastels.",
	"description-card-4-title": "Delightful design",
	"description-card-4-description": "Find unique and handmade delightful designs related items directly from our sellers",
	"about-us-title": "Let's talk about us",
	"about-us-profile-1-picture": "/assets/img/faces/clem-onojeghuo-3.jpg",
	"about-us-profile-1-name": "Henry Ford",
	"about-us-profile-1-position": "Product Manager",
	"about-us-profile-1-description": "Teamwork is so important that it is virtually impossible for you to reach the heights of your capabilities or make the money that you want without becoming very good at it.",
	"about-us-profile-2-picture": "/assets/img/faces/joe-gardner-2.jpg",
	"about-us-profile-2-name": "Sophie West",
	"about-us-porfile-2-position": "Designer",
	"about-us-profile-2-description": "A group becomes a team when each member is sure enough of himself and his contribution to praise the skill of the others. No one can whistle a symphony. It takes an orchestra to play it.",
	"about-us-profile-3-picture": "/assets/img/faces/erik-lucatero-2.jpg",
	"about-us-profile-3-name": "Robert Orben",
	"about-us-profile-3-position": "Developer",
	"about-us-profile-3-description": "The strength of the team is each individual member. The strength of each member is the team. If you can laugh together, you can work together, silence isn’t golden, it’s deadly."
}
